"","x"
"Cemip",1
"Tnip3",1
"Il4ra",1
"Sval1",1
"Il11",1
"Mmp10",1
"Dbp",2
"Mmp3",1
"Prss22",1
"Il1r2",1
"Cyp1b1",1
"Slc10a2",2
"Mfsd2a",3
"Mcpt2",4
"A2m",1
"Gfap",5
"Adamts4",5
"Per2",2
"Mmp13",1
"Ugt8a",6
"Chrdl2",5
"Lbp",1
"Mcpt1",4
"Kng2",1
"Cyp4b1",6
"Ciart",2
"Kcne4",4
"Tmigd1",6
"Cys1",7
"Selp",1
"Csf3",3
"Lcn2",1
"Lpo",2
"Tmem173",3
"Tifab",3
"Duoxa2",1
"Ms4a4c",1
"Il6",1
"Prss27",3
"Spon2",5
"Cubn",6
"Lgals2",3
"Ccr2",1
"Csf2rb",1
"Ltf",1
"Zbp1",3
"Sstr1",6
"Fabp2",8
"Pla2g4c",3
"Prnd",6
"Ly6c1",1
"Timp1",1
"Slfn2",1
"Ly6g",1
"Inmt",8
"Trim15",3
"Optc",7
"Gpx2",1
"Sphk1",4
"Vldlr",6
"Duoxa1",1
"Mmp8",4
"Gm14137",1
"Nos2",1
"Tfcp2l1",6
"Ism1",6
"Sirpb1c",3
"1700057G04Rik",7
"Reg3g",1
"Adgrf1",1
"Ccl8",1
"Nxpe2",7
"Serpina3m",4
"Coro1a",1
"Cd300a",1
"Ciita",3
"Slfn1",1
"Tnf",1
"Myo1g",1
"Cxcl1",1
"Retnlg",1
"Irf5",1
"Tef",2
"Slc35d1",7
"Socs3",1
"Themis2",1
"Sprr2a3",1
"Il10ra",1
"Cpxm1",3
"Myl7",1
"Igsf6",1
"Cd300lb",1
"Cxcl5",1
"Lag3",1
"Sla",1
"Cipc",2
"Alas2",6
"Cyth4",1
"Steap4",4
"Lrg1",1
"Serpina3n",1
"Nfil3",1
"C2cd4b",5
"Slc9a3",6
"Lst1",3
"Gstp3",3
"Slc20a1",2
"Slc35e3",2
"Ptx3",1
"Saa3",4
"Cd300c2",1
"Cd5l",8
"Ripk3",1
"Npc1l1",5
"Greb1",2
"Ly6a",1
"Cd52",3
"Fkbp5",6
"Fcgr4",4
"Lcp1",1
"Stom",1
"Ncf1",1
"Rbp2",6
"Nt5c1a",1
"Clca4b",1
"Tmsb10",3
"Abcg1",4
"Arhgap25",1
"Igfbp5",1
"Parvg",1
"Duox2",4
"Rasl11a",1
"Dhrs9",3
"Trim29",3
"Tyrobp",1
"Lrp8",6
"Fam102a",2
"Ctsc",1
"Ccr5",3
"H2-Aa",3
"Mmp25",1
"S100a11",3
"Cpn2",3
"Il18bp",3
"Capg",3
"Myo1f",1
"Tnfaip8l2",1
"Klf15",6
"Cacna1h",2
"Alpl",5
"Ethe1",7
"Pappa2",4
"Six5",7
"Ank3",2
"Ptprc",1
"Pla2g5",1
"Ren1",5
"Myoc",2
"Csf2rb2",1
"F10",1
"Ms4a18",3
"Insrr",2
"Fxyd5",1
"Gm5431",1
"Hpgd",6
"Tgm1",5
"Hcls1",1
"Dio3",5
"Lrrtm1",7
"Fam26f",3
"Nfam1",1
"Pim3",6
"Sgk1",6
"Retnlb",1
"Anxa8",5
"Fmo2",2
"Sult1d1",2
"Ifitm6",1
"Ifitm3",3
"Akr1c21",7
"Slc10a6",4
"Hgf",1
"Whrn",2
"Per3",7
"Wee1",2
"Fgr",3
"Ctps",4
"Col27a1",5
"Clec4d",4
"Ms4a6c",1
"Clec2d",8
"Samhd1",3
"Fcgr1",1
"Muc1",1
"Olfml3",1
"Lyz2",1
"Kcna5",6
"Fut4",2
"Naaladl1",2
"Nceh1",6
"Tm4sf5",3
"Sp110",3
"Csf3r",1
"E2f2",3
"Slc16a3",1
"Gm13304",3
"Acot5",6
"Reg3b",1
"Bhlhe41",7
"Myot",1
"Apoe",4
"Slc6a6",2
"Stat3",1
"Tgm7",2
"Fam43a",6
"Sult1a1",7
"Dtx3l",1
"Muc6",6
"Aqp4",1
"Cd14",4
"Marco",4
"Flrt3",8
"Rtn4rl2",4
"H2-Eb1",3
"Cyp2d22",6
"Rnase6",3
"Evi2b",1
"Mfap3l",2
"Ifit2",3
"Rgcc",2
"Wisp2",3
"Alox5ap",4
"Clec10a",1
"Slc13a1",6
"Fermt3",1
"Sash3",1
"Vsig1",3
"Nr1d2",2
"Itgax",1
"Il1b",1
"Cd74",3
"Hlf",8
"Lipt2",7
"Fdft1",5
"Krt36",1
"Fmnl1",1
"Ifitm1",1
"Pirb",4
"Sell",1
"Mpeg1",1
"Lox",4
"Ccr1",1
"Agbl2",9
"Pof1b",1
"Igfbp4",5
"B430306N03Rik",1
"Best2",6
"Mgp",4
"Sulf2",1
"Arhgdib",1
"Angpt4",3
"Arntl",5
"Clec4a2",1
"Rasd2",2
"Itgb2",1
"Ifit1bl1",1
"Ugdh",2
"Atp1a1",6
"Cxcl16",1
"Cyba",1
"Fcgr3",1
"Cyp4f18",1
"B3gnt5",1
"Trim40",1
"Aldh1a1",6
"Sirpb1a",3
"H2-DMa",3
"Tap1",1
"Nckap1l",1
"Usp2",2
"Hspb6",5
"Pcsk9",5
"Wfdc17",1
"Klf2",6
"Cyp51",5
"Itgae",1
"Fcgr2b",1
"Ifi205",1
"Msmo1",5
"Slc5a3",7
"Bcl2l15",3
"Wfdc12",1
"Fdps",5
"Cd48",1
"Apobr",1
"Ccl21a",3
"Slc28a3",3
"Ccr7",1
"Odf3b",2
"Arl4d",6
"Ly6f",4
"Clec4a3",1
"Trem2",1
"Fat1",6
"Cd72",1
"Slc22a4",2
"Myrfl",3
"Rac2",1
"Col18a1",1
"Asns",3
"Cebpd",1
"Sppl2a",3
"Gna14",4
"Adam8",4
"Bst1",1
"Akr1c18",1
"Cd68",1
"Mvd",5
"Laptm5",1
"Pld4",1
"G430049J08Rik",1
"Ifi204",3
"Ms4a6d",4
"Ubd",3
"Cd300ld",3
"Cobl",6
"Irf8",1
"Dock2",1
"Lair1",1
"Tsc22d3",6
"Xcr1",1
"Ifi47",3
"Neu1",6
"Slc15a3",1
"Mchr1",2
"Dnase1l3",3
"Lgmn",1
"Tnfrsf1b",1
"Hp",1
"B3galt5",1
"Reg1",8
"Selenbp1",2
"Fpr1",4
"Cpn1",7
"Slc16a11",2
"A4gnt",7
"Foxp2",7
"Glipr2",5
"C2",3
"Inhba",1
"Gm11361",4
"Idi1",5
"Itga2",1
"Lrfn4",2
"Cyp2c69",7
"Draxin",1
"Cdcp1",4
"Adra2a",2
"Gabbr1",6
"Paqr8",8
"Cd86",1
"Ptk6",4
"Higd1a",7
"Flot2",1
"Lgi2",1
"Mmp7",4
"Lrrc25",1
"Plaur",3
"Ces1g",2
"Selplg",1
"Dnaja4",7
"Tspan33",7
"Nlrc5",1
"Rinl",1
"Chil3",4
"Abcc5",6
"Foxl1",5
"Cfp",1
"Sh3bgr",7
"Grem1",1
"Nrxn2",6
"Tnfrsf9",1
"Itgal",1
"Piwil4",7
"Psat1",4
"Aqp1",2
"Ncf4",1
"Itih3",4
"Rhou",2
"Ephx1",7
"Syngr1",9
"Gpt",2
"Spon1",4
"Gli1",5
"Ccl22",3
"Akr1b7",2
"Clec4n",1
"Synm",6
"Lsp1",5
"Plek",1
"H2-DMb1",3
"Ms4a12",1
"Fbxl22",7
"Hmgcs1",5
"Tacr1",5
"Ly86",1
"Aplnr",3
"Gbp2",3
"Anxa9",5
"Aif1",3
"Sp100",3
"Sprr1a",8
"Ccl2",5
"Gpr65",1
"Ank1",5
"Gsap",1
"Xdh",4
"Hk3",1
"Ms4a10",1
"Hbb-bt",6
"AB124611",1
"Tifa",1
"S100a9",4
"Gbp9",3
"Foxp3",1
"Dhrs3",4
"Serpina3i",1
"Hc",7
"Lgals9",3
"Pgap1",4
"H2-M2",5
"Cybb",1
"Eva1c",6
"Rhov",1
"Hba-a1",5
"Acat2",5
"2010109I03Rik",8
"H2-Ab1",3
"Relt",1
"Phlda2",8
"Cd24a",7
"Ldah",1
"Cpm",2
"Cmah",7
"Grhl3",5
"Cd302",1
"Fmo5",7
"Ifi207",1
"Coq10b",7
"Tppp",7
"Galnt15",6
"Scd2",9
"Spi1",1
"Chst13",1
"Apoo",8
"Fa2h",2
"Fgf23",1
"Sp140",1
"Clec4a1",1
"Gapt",3
"Nxpe5",1
"Msr1",1
"C1qb",1
"Tarm1",1
"Prg4",8
"Apol10b",8
"Il18",1
"Stk17b",7
"Plekhh1",6
"Arhgef26",2
"Lcp2",1
"Arhgap30",1
"Ybx2",9
"Tgm3",7
"Vsig2",7
"Ankrd9",7
"Ms4a4a",4
"Tlr13",4
"Myl4",5
"Slc17a2",7
"Siglece",4
"Itgb7",1
"Dnah17",1
"P2ry4",6
"Evi2a",3
"Net1",1
"Clec12a",3
"Ms4a6b",1
"Hbb-bs",5
"Rdh16",3
"Ecscr",5
"Gsdmc3",8
"Car2",7
"Iigp1",3
"Trim10",1
"Gbe1",2
"Grik2",8
"Eln",1
"F830016B08Rik",3
"Cxcr3",1
"Rasl10b",6
"Nucb2",5
"Prtn3",1
"Batf2",3
"Stat1",3
"Pln",8
"Khdc1a",4
"Lpar3",8
"Mvk",5
"Ly6c2",3
"Il33",3
"Capn11",5
"Ptafr",1
"Chpt1",7
"Cebpb",4
"Ifi209",1
"Parp9",3
"H2-Q7",3
"Bmper",4
"Spsb4",8
"Thpo",1
"Slc22a12",6
"Il34",1
"E130208F15Rik",6
"Sult4a1",6
"Psmb9",3
"Insl5",6
"Slamf8",1
"Dclk1",5
"Insig1",5
"Hipk2",2
"Tubb3",4
"Ms4a4b",1
"Bdkrb1",1
"Repin1",2
"Gbp2b",3
"Nfkbie",1
"Npy4r",5
"Mmp14",4
"Slamf7",1
"Pla2g7",1
"Adgre4",1
"Ackr1",5
"Unc93b1",1
"Plxnc1",4
"Fpr2",1
"Srgn",1
"Slc5a8",3
"B4galnt2",8
"Tlr11",3
"Slc16a9",7
"Plac8",3
"Fabp6",7
"Il1rl1",3
"Lrp2",8
"Abcb1a",2
"Inf2",8
"Cyp2w1",8
"Hpn",7
"Snai1",5
"Tmcc3",3
"Tgtp2",3
"Tlr9",1
"Gm4951",3
"Sh2d2a",1
"Cd5",1
"Scara5",4
"Slc4a8",9
"Pilra",1
"Ccl7",3
"Stat4",1
"Pglyrp1",1
"Zfp993",5
"Nts",5
"Ppp1r3b",8
"Gm2a",1
"Amz1",5
"Btk",3
"Mybpc2",4
"Axin2",7
"Stk10",7
"Cyp27a1",6
"Rnf208",2
"Igtp",3
"Rasa4",1
"Cyp3a13",6
"Edar",5
"Gpr182",4
"Rab11fip4",2
"Rimkla",2
"Tnfrsf1a",1
"Ly6i",1
"Aldh1l1",3
"Rps29",1
"Chd5",6
"Rnf125",1
"Il21r",1
"Pde11a",1
"Sqle",5
"Celsr2",2
"Nccrp1",8
"Cd3e",3
"Spn",1
"Cd84",1
"Hsd11b2",6
"Ikzf1",1
"Inpp5d",1
"Arhgap40",5
"Rassf4",1
"Tns4",7
"Alox15",3
"Gm5150",1
"Gusb",1
"Clec4e",1
"Fcer1g",1
"Npl",1
"Sult1c2",7
"Cebpe",1
"Zc3h12a",4
"Abcg3",1
"Gbp4",3
"Slc7a11",4
"Trnp1",6
"Mdfi",5
"Gsdmc",8
"Wfdc18",3
"Cxcl3",3
"Ppargc1a",6
"Car14",8
"Stxbp1",5
"Fhl3",5
"Cmtm3",1
"Syt1",6
"Slc17a4",7
"Qpct",7
"March1",1
"Abca8a",2
"Emb",1
"Serpina10",3
"Ptpn7",3
"Cdk6",2
"Slamf9",3
"Abca12",2
"Cd38",1
"Cd53",1
"Efcc1",5
"Sprr2a2",3
"Cxcl13",6
"Ccr3",3
"Ngb",7
"Fer1l4",4
"Hspa2",4
"Lrrc75b",5
"Pi16",1
"Plekha1",7
"Ckm",5
"C6",1
"Sct",6
"Serpina3g",1
"Fes",1
"Unc5b",6
"Hhipl1",6
"Ldlr",5
"Gadd45g",1
"C1qtnf3",5
"Ugt1a2",6
"Ankrd37",8
"Smim24",7
"Ptprn",6
"Ccl9",5
"Gvin1",8
"Tpm1",5
"Slc51a",7
"Vcam1",4
"Htra3",4
"Fau",4
"Ms4a7",1
"Cnnm1",2
"Napsa",1
"Slc25a48",6
"Clnk",5
"Vill",5
"Erich5",7
"Cd6",1
"Adssl1",4
"Clca4a",8
"Ifnar2",1
"Lrrc4",3
"Gm20441",8
"Fah",7
"Lman2l",8
"Pi15",4
"Lpp",6
"Mefv",1
"Sfrp2",9
"Tcap",8
"Trem1",1
"Atg16l2",5
"Gm6169",6
"Olfml2a",9
"Pik3cd",1
"Gm2564",3
"Gpr88",5
"Wif1",6
"Kcne2",7
"Osm",1
"Rasgrp4",3
"Apod",4
"Rnd2",9
"Bhlha15",8
"Prl2a1",3
"Scnn1g",6
"Gpr171",1
"Cxcl2",1
"Hoga1",8
"Fzd9",2
"Arl5c",3
"Cenpa",9
"Cep55",9
"Ascl2",7
"Phospho1",7
"Trpc4",6
"Ttyh1",9
"Snd1",1
"Fam222a",2
"Nell2",5
"Gm2897",8
"Cyp4f14",2
"Ly9",1
"Icam1",1
"Lypd3",9
"Tnfaip2",1
"Gm42416",6
"Rnf32",7
"Sod3",5
"Csta1",1
"Flrt2",7
"Nkd2",5
"Lat",4
"Scd1",7
"Sh3pxd2b",4
"Otop1",8
"Frmd3",6
"Esm1",5
"Pear1",1
"Adamtsl2",4
"Stac",5
"Slc13a3",4
"Ptpro",7
"Penk",4
"Ccdc85b",2
"Cpz",1
"Gsdmc2",8
"Sirpa",1
"Clps",8
"Card11",1
"Syt7",7
"Adgrb2",9
"Trpm6",7
"C1qc",1
"Cxcl10",1
"Megf8",6
"Azin1",7
"Il1rn",3
"Cxcr2",3
"Pstpip1",1
"Upk1b",9
"Skil",1
"Gcnt3",2
"Mndal",3
"Tmem92",3
"Zfand2a",7
"Batf3",4
"Hsd11b1",1
"Apaf1",1
"Casp12",5
"C3ar1",1
"Irgm2",3
"Myom3",8
"Pdxk",2
"Tnfrsf21",7
"S100a14",3
"Usp31",2
"Cdo1",7
"Adgra1",1
"Pip4k2a",1
"Il2rg",1
"Sptb",2
"Masp1",5
"Serpina3k",6
"Lyn",1
"Pycard",3
"Smad4",4
"Limd2",1
"Ptpn22",1
"Pex5l",7
"Map4k1",1
"Samd5",2
"Apol7c",1
"Chrnb4",6
"Slc39a10",5
"Tgtp1",3
"Mcemp1",3
"Kcne3",8
"Ggt1",5
"Clcn2",2
"Eps8l2",2
"Pank1",2
"Soat2",3
"Hist1h3a",5
"Neurog3",5
"Klf9",6
"C1rl",1
"Mybl2",6
"Syt8",9
"Rdh11",5
"Mapt",9
"Fgfr3",2
"Tgm2",1
"Rasgrp3",8
"Mapk8ip2",6
"Slc19a1",6
"Sez6l",6
"Col20a1",1
"Cd7",1
"Arhgap9",1
"Apob",6
"Arrb2",1
"Abo",7
"Rps28",1
"Sbno2",1
"Acap1",1
"Ces2b",6
"Btla",3
"Cry2",6
"Epb41l1",7
"Wnt11",6
"Chl1",4
"Afap1l2",5
"Gsdmc4",8
"Slc39a4",8
"Bend7",1
"Blm",5
"Snx15",7
"Pla2g4f",4
"Traf1",7
"Arhgap4",3
"Tns1",6
"Ctsw",3
"Noxo1",1
"Ankrd12",5
"C1ra",1
"Clstn3",6
"Eif4ebp1",5
"Gatsl2",2
"Serpina1e",9
"Cyp4f15",8
"Ecm2",5
"Tesk2",8
"Cirbp",5
"Pilrb2",3
"Igsf9b",6
"Gata3",3
"Amigo2",6
"H2-Q4",3
"Has1",3
"Diras2",5
"Pik3ap1",3
"S1pr3",5
"2700097O09Rik",8
"Sis",2
"Gm5814",6
"Tmem182",9
"Emp1",8
"P2rx1",3
"Mkx",7
"Akr1c19",2
"Cnr1",6
"Bin2",1
"Hrh1",3
"Etnppl",3
"Cst6",1
"Slc35f1",9
"S100a8",4
"Fndc5",7
"Per1",6
"Myo7a",1
"Hba-a2",5
"Arl4c",1
"Muc13",4
"Fkbp11",9
"Skap2",1
"Hist2h2aa1",6
"Gm43302",3
"Angptl4",4
"Sprr2h",1
"Cry1",2
"Actg2",5
"Atp2b4",5
"Pira2",1
"Jak3",1
"Prmt6",2
"Hkdc1",2
"Fat2",6
"Arhgef19",7
"Gzma",3
"Eef1a2",4
"Npc1",6
"Tpm2",6
"Uchl1",6
"Kit",2
"Msc",4
"Spock2",6
"Elk3",1
"Ankrd1",5
"Mcc",6
"Map3k6",4
"Mmp17",9
"Bcl2a1b",1
"Apol11b",8
"Dok7",7
"Nfe2",1
"Myof",4
"Emid1",5
"Ccr4",1
"Cryab",6
"Bcl2a1a",3
"Shh",7
"Ikzf3",3
"Marveld1",6
"Bean1",9
"Fcgbp",6
"Trafd1",1
"Clca3a2",1
"Shank1",6
"Spink1",4
"Tppp3",6
"Irf2bp1",2
"Clec9a",1
"C130050O18Rik",4
"Col3a1",5
"Tnfrsf19",7
"Klf10",4
"Dkk2",5
"Hist1h3g",6
"C1qa",1
"Eya2",8
"A4galt",1
"Ereg",3
"Nos1",6
"Sema6b",4
"Il2rb",1
"Dmbt1",1
"Gml",6
"Nsg1",6
"Gsdma",6
"Itgam",1
"Aoah",1
"Gm11627",7
"Stil",6
"Hmox1",1
"Scgb2b17",7
"Fgf10",1
"Nkg7",3
"Pcdhac2",5
"Cd180",3
"Asic2",6
"Peli2",2
"Rbp4",8
"Lat2",1
"Arhgap36",6
"Ifi203",1
"Fst",5
"Car1",7
"Sec61b",5
"Smpdl3b",4
"Cacna1c",6
"Nefl",7
"Nsdhl",9
"Zg16",6
"Tspan3",7
"Aadac",7
"Bcl3",3
"Sybu",7
"Gpsm3",1
"Enpp2",6
"Kif5a",6
"Gja5",8
"Psmb8",3
"Hsd17b7",9
"Gpnmb",4
"Wfdc21",3
"Slc16a7",7
"Fkbp4",7
"Cd3d",3
"Tmem176a",1
"Hk2",1
"Nek2",9
"Mov10",4
"Adam12",1
"Pgd",1
"Havcr2",1
"Chrna3",6
"Tm7sf2",9
"Slc26a2",7
"Gm3636",5
"Iyd",2
"Trim12a",1
"Rgs13",6
"Cd300e",8
"Tfrc",2
"Ticam2",1
"Cdk1",9
"Tcf24",5
"Krt27",3
"Pcp4l1",6
"Thbs4",6
"Kif1a",6
"Card9",1
"Rdh1",8
"Flot1",1
"Gpr17",2
"Rbm3",8
"Krt84",8
"Lama1",4
"Thrsp",7
"Lrat",7
"Wnt4",3
"Hoxa5",6
"Pla1a",4
"Hist1h2an",8
"H2-Q6",3
"Tmem140",1
"Slc4a3",5
"Ly6g6e",8
"Malrd1",6
"Gpr34",5
"Hpdl",2
"Ly6e",1
"Rnf43",6
"Serpina3f",1
"Igfbp3",6
"Mkrn2os",1
"Ltb4r1",4
"Kmo",3
"Gpr141",1
"Gramd1a",6
"Hoxb3",6
"Hist1h4h",5
"Was",1
"Grrp1",6
"Slc7a5",8
"Muc2",2
"Sele",3
"Tmem253",3
"Diaph3",9
"Rnf11",7
"Efemp2",5
"Adamts1",4
"Tmf1",8
"Cilp",5
"Hsph1",8
"Ngfr",9
"Plek2",8
"Ttbk2",7
"Fbxo31",6
"Fut2",3
"Abca2",6
"Hs6st1",4
"Tlx2",2
"Gpx3",4
"Adam23",9
"Tacc3",9
"Nlrx1",4
"Cd83",5
"Phf1",2
"Mamdc2",2
"BC025446",1
"Ugt1a8",6
"Tcf23",2
"Ddit4",4
"C5ar1",4
"Ggt5",4
"Slc7a14",6
"Mt2",4
"Ccnb1",9
"Fas",1
"Slc2a5",7
"Myl9",6
"2010003K11Rik",8
"Kcnip1",6
"Angptl2",7
"Crocc2",1
"Mad2l1",9
"Upk1a",7
"Rdh7",9
"Astn1",6
"Hist1h3d",8
"Ifi44",3
"Ccdc3",7
"Rasgrp1",4
"Ahsa2",7
"Pck1",2
"Hoxb4",2
"Hdc",1
"Pappa",6
"Casq2",5
"Car11",8
"Ahnak",2
"Sirpb1b",1
"Cd40",1
"Nptx1",7
"Cyp2c66",3
"Mfap4",1
"Mt3",7
"Adgre1",1
"Far2",8
"Cks1b",9
"March9",7
"Gbp3",3
"Adgrg2",6
"Cxcl9",1
"Gm26620",6
"4931440F15Rik",7
"Slc22a17",6
"Tubb4a",5
"Ube2l6",3
"Bnc1",7
"Cdc25c",9
"Chil1",1
"Pcp4",7
"Gmppb",8
"Slc5a9",4
"Prss23",6
"Tlr12",1
"Dner",6
"Atp2b1",8
"Fam83b",2
"Slc16a6",4
"Aspn",5
"Hist1h3b",7
"B3gnt7",8
"Odc1",2
"Npas4",7
"Ogn",8
"Caskin2",6
"1700017B05Rik",4
"Chrna6",5
"Coq10a",7
"Htr3a",1
"Plxna2",8
"Crlf1",9
"Susd1",1
"Cdkn3",9
"Sox12",7
"Fxyd7",5
"Omp",2
"Mia",7
"Zhx2",3
"Hap1",6
"Mmab",9
"Tspan4",8
"Tenm2",9
"Snai2",3
"Ednra",1
"Gbp7",3
"Elf3",1
"Ephx4",7
"Ctse",3
"Syn1",6
"Parp3",1
"Ido1",1
"Krt17",6
"Tmem176b",1
"Cd163",4
"Rab3il1",5
"Comp",7
"Slc40a1",1
"Mpst",7
"Apol6",1
"Hand1",6
"Mex3d",6
"Hhip",2
"Vps37d",8
"Mlxipl",5
"Tagln",5
"Col8a2",7
"Entpd5",7
"Syna",8
"Akr1c12",8
"Slc9a3r1",8
"Ccl3",3
"Map3k13",6
"Ifi27l2a",8
"Stat2",3
"Ccna2",9
"Myh11",6
"Il3ra",1
"Slc30a10",8
"Kcng4",6
"Herc2",6
"Map3k14",1
"Gm14226",7
"Chadl",6
"Ppy",5
"Rpl7a-ps5",6
"Mmd2",5
"Filip1l",8
"Parp14",1
"Sntg2",5
"Chodl",4
"Aldh6a1",7
"Slc37a2",8
"Klb",2
"Ifng",3
"Gpr15",4
"Rassf10",8
"Cbr2",9
"Wdfy4",1
"Snrk",2
"Csrp1",5
"Ak4",1
"Prph",6
"Dpysl5",6
"Plscr2",7
"Fam131c",8
"Fam102b",2
"Il1a",1
"U2surp",8
"Vdr",7
"Rbm5",8
"Rpl17",4
"Proc",3
"Rpl38",1
"Cyp2d26",6
"Lilra6",8
"Serpind1",8
"Krt20",8
"Negr1",7
"Cib2",8
"Slc4a4",2
"Klk1",8
"Akna",1
"Slc1a4",2
"Sv2a",6
"Ppic",1
"Ube2c",9
"Zmynd8",5
"Gm9733",1
"Prrx2",5
"Cnn1",6
"Dsn1",9
"Gm4070",1
"Cftr",2
"Opcml",5
"Gje1",8
"Nudcd2",7
"Serpinb9",3
"Pla2g12b",3
"Guca2a",7
"Gzmc",3
"Tprn",4
"Hcrtr1",7
"Sapcd2",9
"Sfrp1",1
"Myrf",9
"Hmgcr",5
"Ly6d",6
"Kif13b",4
"Apobec3",1
"Ccnb2",9
"Pkdcc",2
"Csf1r",1
"Esrrg",7
"Ankrd23",8
"Dnaja1",8
"Phgdh",8
"Rad18",9
"Ldhb",2
"Ccne1",9
"Ier3",4
"2610318N02Rik",8
"Hacd4",3
"Spdef",7
"Ptn",9
"Smoc1",6
"Fam107a",6
"Knstrn",9
"Flt3",1
"Zbtb20",2
"Cd22",1
"Scn9a",6
"Tnnt2",6
"Pmp22",7
"Dusp4",6
"Sept6",3
"Plcb4",7
"Cd109",5
"Slc17a8",3
"Gap43",5
"Trim34a",1
"Cdca8",9
"Abcc2",2
"Mptx1",8
"Pdlim2",8
"Klra2",1
"Syt13",5
"Nr2f1",3
"Zbtb16",6
"Ina",6
"Gm20594",8
"Tnni1",7
"Casp4",1
"Arid3a",1
"Lhx3",8
"Rpl28",1
"Ass1",4
"Tead1",6
"Stmn3",6
"Sik1",4
"Lancl3",2
"Prune2",6
"Jade2",4
"Tub",6
"Eps8l3",8
"Gm21885",2
"Clca1",2
"Vps33b",7
"Disp2",6
"Atp2b2",6
"Prr18",2
"Cyp26b1",6
"Crispld2",4
"Lama3",4
"Arhgap20",9
"Ccl12",3
"Zfp329",7
"Dirc2",4
"Ppfia4",1
"Olfr56",1
"9330182L06Rik",6
"Ahcyl2",7
"Alox12",8
"Pcdh18",9
"Zmynd15",1
"Pcna-ps2",6
"Iqgap3",9
"Fitm2",2
"Lrrc1",4
"Nox1",1
"Pdlim7",5
"Galr2",7
"Rmnd5a",6
"Hes5",2
"Tesc",2
"Tst",8
"Ckb",5
"C1ql1",5
"Ghrl",5
"Gdpd2",2
"Olfm1",6
"Gpr146",4
"Tbxas1",1
"Acta2",5
"Gm10184",2
"Pbp2",7
"Nupr1",3
"Gzmb",3
"Il16",1
"Asb11",6
"Anxa1",6
"Itih4",4
"Cp",1
"Gm9992",3
"Ncam2",6
"Hs3st2",6
"Fbxo2",5
"Hspa8",2
"Ackr4",6
"Rab32",3
"Pnliprp2",6
"Abcg5",8
"Tmem136",6
"Snx10",1
"Hist1h3i",5
"St3gal1",4
"Wdfy3",6
"Cdca3",9
"Ptprz1",6
"Des",6
"Rps15a",1
"Slc5a7",6
"Csrnp1",2
"Fhl1",6
"Clrn3",8
"Slc27a4",2
"Aldh1l2",9
"Klk1b5",6
"Pfkfb3",8
"Ptges",5
"Bhlhe22",5
"C4b",1
"Dhcr24",6
"Shmt2",4
"Setd1b",6
"Tex12",4
"Scg3",6
"Ccl17",1
"H2-Oa",1
"Plekho2",1
"Tm6sf2",8
"Gm379",1
"Ptprt",2
"Cd244",4
"Scube3",5
"Otc",8
"Tgfb1i1",5
"Glod5",8
"Trmt1l",3
"Clu",5
"Kcnv2",6
"Tk1",9
"Apln",5
"P2rx6",7
"Il18r1",2
"Hapln4",7
"Uba7",1
"Birc5",9
"Plekhh3",4
"Phgr1",7
"Pnck",5
"Gsn",2
"Gramd3",3
"Capn15",7
"Icos",1
"Exoc3l4",4
"Scimp",3
"Ctxn1",5
"Nkain4",7
"Zgpat",2
"Pkd1",6
"Slc22a3",7
"Glt8d2",8
"Cd59b",4
"Ank",7
"Cd4",1
"Slc26a3",8
"Kcnd3",6
"Matn4",5
"Igfbp6",2
"Il15",2
"Insr",6
"Parp12",4
"Anks3",8
"Clca3b",5
"Aldh1a3",1
"Zfhx2",2
"Midn",4
"AW551984",6
"Eno3",7
"Rflna",5
"Lmcd1",4
"Spp1",3
"Cxcr4",4
"Pamr1",6
"Gchfr",3
"Angptl6",7
"Shisa4",9
"Hmcn2",6
"Clcnkb",6
"Trub2",7
"Atp6v0a4",5
"Stard5",8
"Trex1",3
"Nrtn",2
"Aak1",6
"Vwa2",8
"Tmem65",2
"Plekhg6",7
"Anxa3",6
"Slc41a3",1
"Gcsam",3
"Col5a2",1
"Nfkbid",3
"Celf4",6
"Runx3",1
"Kmt2d",2
"Fhl2",3
"Serpina1b",1
"Arhgap27",2
"Slc16a5",2
"Tat",1
"Slc23a2",7
"Nrg1",1
"Slc25a42",7
"Igf1r",6
"Plau",3
"Reep2",5
"Bmf",4
"Saxo1",1
"4930404N11Rik",6
"Kif4",9
"Vamp2",6
"Iglon5",9
"Cox7a1",7
"Acacb",6
"Usp54",6
"Scg5",6
"Abca6",2
"Rc3h2",7
"8430408G22Rik",5
"Gng7",9
"Fgf9",7
"Bank1",3
"Atf5",5
"Cplx1",6
"Fetub",5
"Nog",2
"Dgkq",2
"Dnajb2",7
"Slc11a1",1
"Nostrin",8
"Rpl9-ps6",6
"Rpl10a",1
"Rasal3",1
"Rims3",9
"Dzip1",9
"Pcdh10",9
"Copz2",8
"Pnpla3",7
"Dhdh",7
"Slc4a11",5
"Cd209d",4
"Rab38",8
"Fam57b",6
"1700021F05Rik",5
"Fam213a",8
"Lrrc39",7
"Oasl2",1
"Cd200r2",1
"Srr",7
"Akap8l",2
"Gimap4",3
"Vav1",5
"Dgat2",8
"Gm1123",7
"Ttll11",2
"Vwa5b1",6
"Adcy7",1
"Vstm4",5
"Hist1h2bn",6
"Tmprss5",7
"Etv5",7
"Mthfd1l",6
"Fibin",5
"Has3",7
"Akr1c14",8
"Syndig1",5
"Rcor2",7
"Sh2d6",7
"Cldn8",6
"Hand2",6
"Lnx1",8
"Tubb5",6
"Hoxc4",6
"Cav3",9
"Alk",6
"Orm1",7
"Trpt1",8
"Ccna1",8
"Bmp8b",4
"Rorc",2
"Txnip",6
"Fam111a",4
"A530016L24Rik",7
"Mgam",4
"Gsr",4
"Sat1",1
"Col25a1",6
"Slit3",4
"Lss",5
"Cfi",6
"Rsad1",2
"Zdhhc15",1
"Pcsk2",6
"Ptpru",6
"Plcb2",4
"Tenm4",6
"Boc",7
"Duxbl3",6
"Tet1",8
"Tmem130",6
"Cd8a",3
"Vars",4
"Atl1",5
"Rpl41",1
"Bmp3",5
"Ccl28",4
"2610528A11Rik",3
"Hmgn3",5
"Ahnak2",6
"Ceacam20",4
"Nfya",7
"Adgrb1",9
"Sept4",5
"Pcdha8",2
"Ccl19",8
"Parp8",3
"Cd8b1",1
"Susd3",1
"Top1",8
"Ifi27l2b",8
"Cacna1e",2
"Csgalnact1",1
"Serping1",1
"Plk1",7
"Prap1",5
"Chordc1",8
"Sept1",1
"Gm17555",7
"Dnajb9",8
"Nle1",4
"Klra5",1
"Foxn3",6
"Fam199x",6
"Medag",1
"Ap1s3",2
"Slc30a2",3
"Edaradd",7
"Tceal3",9
"Apc2",6
"Adamts9",6
"Hcar2",3
"Elovl6",8
"Hesx1",3
"Pla2g12a",7
"Pipox",8
"Inhbb",4
"Hist1h2ah",9
"Il5ra",3
"Stbd1",9
"Ikzf2",3
"Hif3a",6
"Ctla4",4
"Prmt1",6
"Ifi27",8
"Syt6",6
"Nudt12",7
"Mmp11",1
"Dnph1",2
"Blnk",3
"Rgma",5
"Pbx4",6
"Atp12a",2
"Tle3",2
"Rgs10",3
"Cd226",1
"Vwa3b",9
"Plxnb1",6
"Calb2",6
"Lxn",3
"Rbm8a2",8
"Ncf2",1
"Stra6",5
"Gatm",1
"Phldb3",4
"Sycn",7
"Gpr132",4
"Ccdc125",8
"Lgals3",7
"Dlgap2",5
"Zfp326",7
"Clec3b",5
"Mypop",7
"Krba1",3
"Adam19",5
"H2-T24",3
"Ctsf",8
"Cbr3",6
"Gdf3",1
"Batf",3
"Klhl30",9
"Slc9a4",6
"Matk",6
"Stum",5
"C3",4
"Gpm6a",7
"Chrm2",2
"Dmkn",6
"Idh3a",2
"Prlr",2
"Tfeb",8
"Megf9",7
"Ntn4",2
"Tmem229b",1
"Lrp1",6
"Gcc2",8
"Pla2g4e",4
"Cacna1b",6
"Fam129a",6
"Chac1",8
"Cx3cr1",3
"Kcnh3",7
"Pou3f3",6
"Yy2",8
"Slc2a12",5
"Il17d",6
"Aldh3b2",8
"Scg2",6
"Cyp7b1",1
"Fam162a",2
"D630003M21Rik",6
"Pdpn",5
"Tmem102",4
"Ctsk",1
"Htr1d",2
"Rbp1",1
"Kng1",1
"Gm44805",8
"Col23a1",6
"F13a1",1
"Nr2e3",8
"Dmgdh",1
"Ypel2",1
"Cdc7",9
"Maoa",7
"Rps15",4
"Cxcr6",4
"Gria1",6
"Nsg2",6
"Muc3",2
"Gm20708",8
"Tnip2",1
"Gm4631",8
"Unc80",6
"Fn3k",6
"Kcnf1",7
"Vstm2l",6
"Nap1l5",6
"Phf11d",3
"Nrros",1
"Wnt5a",5
"Frat1",2
"Zfp638",5
"Kif18b",9
"Map1b",6
"Slc23a3",1
"Alas1",2
"Renbp",3
"Ddo",2
"Sectm1a",3
"Rcn1",3
"Cartpt",5
"Tspan9",5
"Mfap2",1
"Wscd2",7
"Reep1",6
"Hrh2",1
"Upp1",3
"Ncapg",9
"Tigit",3
"Ston1",6
"Muc4",4
"Slc6a4",7
"Col8a1",6
"Oit1",8
"Skp2",9
"Srpk1",8
"Fam198a",3
"Klrg1",3
"Rev1",2
"Tcea3",8
"Cdkn2c",2
"Asb4",9
"Prdm1",3
"Lvrn",6
"S1pr2",1
"Epha2",8
"Fastkd1",2
"Sprr2a1",3
"Foxd3",7
"Sfrp5",8
"Fbp1",8
"Egfl7",1
"Slc25a34",2
"Trpa1",5
"Pdgfa",1
"Tvp23a",8
"Mab21l3",3
"Bmp8a",2
"Lyve1",4
"Slc17a1",5
"Cd160",3
"Slc1a1",1
"Ehf",2
"Tmem25",7
"Asb2",6
"Nrgn",5
"Rab3c",6
"Rgs14",4
"2410002F23Rik",5
"Rrm1",6
"Sdk2",6
"Hist1h2ap",3
"Bche",8
"C330027C09Rik",9
"Dnm1",9
"Etv4",9
"Tecta",5
"Chrd",4
"Serpina3c",2
"Ccdc102a",5
"Tlr8",4
"Zfp963",7
"Resp18",5
"Traf3ip3",4
"Tacstd2",2
"Cldn1",4
"Lctl",8
"Cd163l1",1
"Trim65",2
"Mt1",4
"Krt78",3
"Colec10",9
"Shank3",6
"Bcan",7
"Lmnb2",2
"Cdh3",9
"Slc3a2",4
"Apoa1",2
"Nudt11",6
"Gm3055",6
"Ttll6",6
"Dact3",2
"Tbx2",6
"Mms22l",6
"Scn2b",2
"Wdr78",6
"Kcnc1",6
"Kif2c",9
"Dennd5b",7
"H2-Q10",8
"Foxo6",2
"Anxa5",5
"Hist2h2be",7
"Ppp1r12b",5
"Plekhn1",3
"Dab1",9
"Dnmt3l",9
"Selenow",8
"Nt5dc2",9
"Cmtm8",7
"Melk",9
"Bex1",7
"N4bp3",4
"Tmem151a",6
"Gfra2",7
"Hsp90aa1",7
"Muc16",2
"Dpp6",6
"Mmp9",3
"Ccs",7
"Birc3",4
"Apoc3",2
"Slc10a5",2
"Dok2",1
"Hist1h2ad",2
"Zfp457",7
"Kcnab2",5
"Pkia",7
"Synpo2",6
"Mki67",9
"Ccng2",7
"Ocstamp",1
"Arg2",6
"Fras1",7
"Zfp93",8
"Lacc1",1
"Gm14308",6
"Hoxb5",6
"Clec2h",4
"Ugt2b36",7
"Rtp4",3
"Tnfsf13b",4
"Eno2",6
"Scara3",1
"Slc25a10",7
"Osmr",4
"Fam205a3",8
"Krt80",4
"Slc28a2",1
"Siglec1",1
"Hid1",8
"Nrap",1
"Ndufa5",8
"Gm21833",8
"Dlgap3",6
"Anln",5
"Akap6",6
"Plppr2",9
"Papln",6
"Nptx2",6
"Nrarp",8
"Aacs",5
"Impdh1",7
"Zfp27",5
"Dok3",1
"Ppp1r3f",7
"Ramp2",4
"Ang4",1
"Mboat2",2
"Gbp5",1
"Abca8b",7
"1810011H11Rik",4
"Bub1b",9
"Gpihbp1",6
"Rhbdf2",1
"Gm14548",3
"Scn4b",2
"Gm21962",6
"Lyl1",5
"Apoa5",2
"Cd209a",8
"Lin52",7
"Xcl1",1
"Col4a5",5
"Fxyd6",6
"D3Ertd751e",7
"Klhl23",7
"Angptl7",6
"Ints2",9
"Slc43a3",4
"Cdc20",9
"Nrxn3",6
"Ptgfr",8
"Tspan11",3
"Trip13",9
"Lpar2",2
"Cenpm",9
"Acod1",1
"Trim30a",3
"Madcam1",5
"Sptbn2",7
"Mup14",7
"Mturn",2
"Hivep2",8
"Aqp12",2
"Haghl",9
"Aurka",9
"Ncald",4
"Pbld2",7
"Prox1",6
"Itpk1",8
"Jph2",6
"Sparc",1
"Edrf1",8
"Ccdc122",5
"Aurkb",9
"Fabp7",5
"Loxl2",4
"Zfp111",7
"Utp14b",7
"Kcnn2",2
"Npnt",7
"Pde4b",4
"Fam105a",1
"Klhl6",1
"Raver2",5
"Bves",6
"Tmem59l",6
"Col11a1",5
"Entpd1",1
"Slc10a4",6
"Tiam1",2
"Slit1",6
"Fabp3",8
"Lif",3
"Ankef1",7
"Hoxa13",6
"Irgc1",2
"Fscn1",1
"Rundc3a",5
"Scgb2b15",7
"Racgap1",9
"Gm42417",4
"Nr1d1",7
"Klrk1",3
"Hsd17b14",8
"Cwh43",6
"Amigo3",8
"Cnih2",9
"Afm",6
"Capsl",2
"Tgfb1",1
"Mettl24",7
"Sla2",1
"C330021F23Rik",8
"Tnfsf15",7
"Nxph3",6
"Slitrk6",8
"Zfp758",8
"Hsd17b2",8
"Hist1h2ac",6
"Gcg",5
"Tnfsf14",3
"Mdk",4
"Adgrg6",6
"Fli1",3
"Pcdh12",5
"Tsga10",7
"Fbn2",6
"Faim2",6
"Olfml2b",1
"Tbc1d16",7
"Clcn6",6
"Ly6h",6
"Ebi3",1
"Clec2e",8
"Gtf3c2",5
"Lin7b",7
"Mthfd2",9
"Doc2b",6
"Smim3",8
"Vtn",1
"Bnipl",3
"Rrm2",8
"Spag5",9
"Gnao1",6
"Foxred2",2
"Herc3",5
"Ccdc85c",2
"Cox11",2
"Svopl",6
"Flrt1",7
"D930020B18Rik",5
"Vsir",4
"Kifc5b",8
"Tmem120b",8
"Serp2",9
"Cacybp",8
"Oxtr",7
"Npy",1
"Gpd1",2
"Tmod1",6
"Rspo3",5
"Nphp4",6
"Oscp1",7
"Hist1h3c",9
"Fam124a",1
"Ttc30a2",6
"Dcdc2a",8
"Lrrn4",7
"Angptl8",5
"Pclo",6
"Phox2a",6
"Gm9747",5
"Ttc21a",6
"Shank2",7
"Lrif1",8
"Dnah6",3
"Irf2bpl",6
"Gm12185",3
"Zfp169",7
"Stambpl1",4
"B4galnt4",2
"Apol7e",4
"Chgb",6
"Klra6",3
"Lin7a",8
"Tfec",1
"Atp1b2",5
"Gng13",8
"Gm14288",8
"Sun3",3
"Cyp2c68",1
"Bcl2a1d",3
"Prr12",6
"Azin2",5
"Neurl1a",6
"Tspyl4",6
"Agmo",8
"Adamts10",5
"Pla2g2d",3
"Il17rc",2
"Unc13a",6
"Gm12166",2
"Hnf4a",8
"Suox",8
"Tagap1",6
"Plscr4",7
"Asic5",1
"Cdk5r2",6
"Nlrp3",3
"Ints8",8
"Ascc3",6
"Krt14",6
"Elavl4",6
"Dnase1l2",6
"Map2",6
"Arsi",5
"Rev3l",7
"Troap",9
"Lingo1",7
"Nrep",8
"Zfp971",1
"Tff3",6
"Sema4c",6
"Asprv1",4
"Lgals12",7
"Krt87",5
"Mmp12",1
"Card14",4
"Ppp1r1a",8
"Mdm2",8
"Aunip",5
"Jazf1",6
"Radil",6
"Piezo2",5
"Dapp1",3
"Art3",6
"Amd2",6
"Hspa12a",8
"Chp2",7
"Oaf",2
"Ahi1",6
"Cnn2",3
"Fbl",4
"Marcksl1",4
"Pcbp3",6
"Rnf183",3
"Tmem200b",2
"Rftn1",4
"Mdfic",5
"Thop1",4
"Ppp1r18",1
"Nkx2-3",5
"Galnt18",5
"Nov",7
"Wnk4",8
"Fam13a",3
"Kndc1",6
"Zfp560",8
"Ncoa7",3
"Vsnl1",6
"Agtr1a",5
"Dnaaf3",3
"Ryr2",6
"Il22",1
"Ifi213",3
"Ppp1r1b",8
"Jmy",2
"Cttnbp2nl",1
"Gm12216",8
"Cyp2e1",2
"Ckap2l",9
"Gins1",9
"Hoxd3",5
"Gpr84",1
"Flna",6
"Atat1",3
"Hvcn1",5
"Prpf39",7
"Faxc",6
"Erf",4
"Bdp1",7
"Tubb6",5
"Gimap7",3
"Cytl1",2
"Stmnd1",7
"Ndn",5
"Lrrc31",5
"Mrgprf",5
"Vgf",6
"Fzd4",6
"Vkorc1",8
"Crp",2
"Fat4",6
"Ggta1",4
"Irf1",1
"Ercc6l",6
"D330045A20Rik",6
"Emilin1",5
"Itga11",6
"Gnat1",8
"Hmgcll1",4
"Samsn1",3
"Paxbp1",2
"Rac3",4
"Abcb6",7
"Stk38l",5
"Amhr2",8
"Hist1h1c",6
"Il12b",1
"Hexim1",8
"Spice1",6
"Abca1",4
"Pwwp2b",4
"Hspa4l",8
"Bora",9
"Adora3",3
"Hephl1",8
"Acsl1",7
"Oasl1",8
"Cadps",6
"Kcnip2",6
"Tmem200a",5
"Fbln7",5
"Plekha8",7
"Igf2bp3",3
"Gramd4",8
"Serpinh1",5
"Cntnap2",6
"Clec5a",1
"Jph3",6
"Ache",6
"S1pr1",4
"Lig1",6
"Msantd3",5
"Rassf5",3
"Tmem35a",7
"Flnc",8
"Gbp8",1
"Isg15",3
"Phf21b",5
"Lamc2",1
"Prps1",4
"Lrrk2",5
"Rrnad1",2
"C7",4
"Mettl7a1",7
"Ank2",6
"Zfp934",6
"Gm7102",1
"Ifit3b",8
"Borcs7",3
"Notch1",6
"Mier3",8
"Gm43191",9
"Crb2",6
"Srsf2",9
"Foxn1",7
"Rragd",8
"Sez6l2",6
"Mgll",8
"Apol7a",5
"Slc25a33",2
"Kif22",9
"Esco1",3
"Nkpd1",8
"Zfp595",8
"Nanos1",6
"Fam84a",9
"Pgm5",6
"Sh3tc2",6
"Piezo1",6
"Rasd1",1
"Socs4",7
"Lgr5",2
"Smpx",7
"Prpf3",8
"Bend5",5
"Sapcd1",6
"Pm20d2",6
"Ggt7",6
"Fam163a",6
"Phf11b",3
"Tmem266",4
"Col9a2",5
"Suv39h2",8
"Chst11",7
"Serpina9",5
"Spns3",1
"Gm3558",5
"Gramd1c",8
"Gpr68",1
"Diras1",5
"Adcy5",6
"Pou2f1",6
"Atp8b4",4
"Dab2",5
"Gns",4
"Mphosph10",8
"Zfp408",2
"Megf10",9
"Lefty1",8
"Aqp9",3
"Anks4b",8
"Padi4",3
"Spsb1",4
"B4galt2",5
"F5",3
"Otogl",6
"Rexo4",8
"Dynll2",8
"Cldn10",4
"Gm15448",1
"Cytip",1
"H60c",6
"Znrf3",7
"Tcf19",6
"Ltc4s",7
"Phf11a",8
"Tmem154",4
"Rasl2-9",7
"Atl3",6
"Klk1b16",7
"Rab27b",9
"Fasn",7
"Baz1b",7
"Asb16",8
"Slc6a17",6
"Gpr149",6
"Fpgt",8
"Ppp1r14a",5
"Rcsd1",4
"Gm20390",9
"Chn1",6
"Parpbp",9
"Hspb2",9
"Kcnj8",4
"Rab23",5
"Retnla",7
"Akap5",9
"Mcm7",6
"Mapk1ip1",6
"A530064D06Rik",3
"Mroh3",5
"Ubash3a",4
"Pik3ip1",4
"Igsf21",6
"Rtn4r",7
"Klk1b4",2
"Reln",6
"Il12rb1",1
"Smoc2",2
"Sco2",8
"Sult1b1",8
"Tgm5",4
"Slamf6",1
"Fads3",8
"Nfkbiz",4
"Actn2",6
"Pop1",6
"Pyy",6
"Glis1",1
"Map1a",6
"Tbx3",8
"Pcdhga8",6
"Stmn2",6
"Gm19684",8
"Gamt",8
"Gm10639",2
"Prkch",1
"Frmpd4",6
"Gm17669",8
"Tpx2",9
"Pkp1",8
"Zwilch",5
"Cadm3",5
"Col17a1",4
"Abcc4",4
"Ttll1",8
"Slc7a7",1
"Ppih",6
"Pkmyt1",9
"Trak2",7
"Fstl1",5
"Als2",2
"Kirrel3",6
"Syt4",4
"Best1",4
"Slc13a5",8
"Creb3l3",7
"Ttk",9
"Wnt10b",7
"H2-T23",8
"Mfsd4b2",9
"Haus5",5
"Tlcd1",2
"Wfdc1",5
"Adgrg5",1
"K230010J24Rik",6
"Pax8",8
"Gdf5",9
"Ntn5",4
"Ccdc60",5
"Tbc1d10c",1
"Enox1",6
"Kcnj12",2
"Kcnt2",6
"Dzip3",5
"Rspo2",5
"Hoxd8",6
"Slc26a1",8
"Popdc2",6
"Scnn1b",6
"Kif27",5
"Mmp19",4
"Rhobtb3",8
"Fam160b2",8
"Rnf217",2
"Syde2",6
"Cngb1",6
"Mpz",8
"Pnp2",3
"Mettl7a3",8
"Gldc",6
"Gnaz",6
"Lpxn",4
"Nup210",6
"Rab40b",5
"Mnx1",2
"Bbs10",7
"C2cd4a",8
"Ubr4",6
"S100b",9
"Dio2",3
"Smad1",4
"Csmd1",6
"Kif23",9
"Sema3d",9
"Pglyrp2",3
"Klk1b21",6
"Gp1bb",4
"Tcof1",4
"Cenpf",9
"Slc43a1",6
"Rprm",6
"Ctla2a",6
"Chrna4",9
"Kcna1",6
"Cdc42ep3",3
"Nxpe4",9
"Sun2",6
"Adh1",4
"S100a4",5
"Sgk2",8
"Arrdc2",5
"Sit1",4
"Gng11",8
"Lhfpl4",6
"Tbkbp1",8
"Acpp",3
"Hs6st3",6
"Gfm2",7
"Mcm5",6
"Fgfbp3",3
"Phf13",4
"Timp4",8
"Rapsn",3
"Il20rb",3
"Ccnf",9
"Cdca7",2
"Msn",5
"Slc38a1",6
"Slc38a4",6
"Bambi",7
"Acsl3",7
"Mettl17",5
"A730015C16Rik",8
"Lilrb4a",1
"Slc18a3",4
"Mbnl3",8
"Rasgrp2",5
"Obscn",7
"Fam171b",8
"Tagap",4
"Susd2",6
"Tuba1c",8
"Nmu",7
"Sspo",7
"Large2",8
"Evl",5
"Has2",5
"Clcn1",3
"Lrrc55",6
"Abcb9",7
"Cbln4",9
"Cysltr1",3
"Rtel1",6
"Tmem45a",8
"Ttr",1
"Lrrc17",3
"Lrrc32",6
"Syne4",3
"Garem2",6
"Top2a",5
"Scgb3a1",4
"1700001O22Rik",5
"Mob3c",3
"Srd5a2",1
"Spc24",9
"C1s1",1
"Foxm1",9
"Fjx1",4
"Fabp1",7
"Isoc2b",8
"Lrrc66",1
"Ncaph",9
"E030030I06Rik",6
"Islr2",6
"Smtn",5
"Lgals7",6
"Kif14",9
"Gbp10",5
"Gm16867",7
"Foxd1",6
"Gstm3",8
"Rgs1",6
"Arhgap15",3
"Vit",2
"Ceacam10",6
"Lix1",6
"Ripply1",7
"Crmp1",6
"Ces2a",4
"Fhod3",6
"Tacr3",2
"Jdp2",4
"Pilrb1",3
"Zfp507",7
"Avpi1",7
"Zfp808",2
"Slc6a13",8
"Ddx17",3
"Nlrp1a",1
"Gm10197",2
"Pbk",6
"Cfb",4
"Slco3a1",5
"1810032O08Rik",8
"Il22ra1",4
"Bub1",9
"Ehd3",5
"Hmmr",9
"Eid2",6
"Zhx1",8
"Prc1",5
"Cmklr1",4
"Stip1",7
"Chpf2",6
"E2f7",5
"Adap2",4
"Tymp",2
"Ccdc88b",1
"Ovgp1",3
"Dnajc27",5
"Tulp3",4
"Ugt2b5",7
"Zfp36l2",2
"Sulf1",1
"1190005I06Rik",6
"Fam107b",8
"Syt5",6
"Pla2g3",8
"Arl11",1
"Acss3",2
"Tdpoz1",6
"Junb",8
"Mgst2",8
"Thbs2",6
"Pcsk1n",6
"Gde1",5
"Chaf1b",6
"Ttc25",5
"Pex11a",2
"Srsf7",7
"Hes7",7
"Ppp1r3d",8
"Samd12",9
"Ramp3",4
"Kbtbd13",8
"E130116L18Rik",6
"Cckar",6
"Cers3",9
"Zfp661",7
"Arrb1",6
"Slc51b",7
"Alox5",5
"Serpine2",5
"Pdcd1lg2",8
"Me1",7
"Dync2li1",9
"Slc16a8",8
"Ccrl2",4
"Gm21411",4
"Ccl5",3
"Ppp1r10",8
"Zfhx3",2
"Cntn1",6
"Kcnq2",6
"Thy1",5
"Tbc1d14",8
"Trpv3",2
"Vat1l",6
"Mis18bp1",9
"P2ry10",1
"Gtse1",9
"Dclre1c",6
"Gm3755",5
"Cyp2d9",4
"Rps6ka2",6
"Cpa2",5
"Tnfrsf4",4
"Rnf225",7
"Rad51c",9
"Hist1h2ab",6
"Sh3bgrl3",4
"Rprd1a",3
"Bard1",6
"Clec2i",8
"Zfp583",8
"Necab2",6
"Myl6b",8
"H2-DMb2",3
"Plcb1",6
"Asap3",8
"Syp",6
"Dcbld2",6
"Gprc5a",8
"Cidec",2
"Gem",5
"Ugt1a1",8
"Ndst3",6
"Tac1",6
"Zfp580",5
"Myo1e",8
"Atg9b",6
"Gstt1",8
"Cdyl2",6
"Aspg",8
"Sh2d4a",1
"Slc8a2",6
"Tes",8
"Adcy8",8
"Zfp59",5
"Arhgef37",7
"Cenpe",9
"Fam19a5",6
"Plxnb3",9
"Ctxn3",6
"Ndc1",9
"Mms19",1
"Gen1",9
"Fam46b",6
"Dusp9",8
"Pou2f2",1
"Tspan13",8
"Zfp182",6
"Ino80c",5
"Nipal4",6
"Snap91",6
"Depdc7",6
"Sdcbp2",8
"Gimap6",4
"Amph",1
"Susd4",7
"Ptprg",4
"Gabrg3",6
"Foxc1",9
"Fam149a",9
"Zc3h6",6
"Tbc1d22a",1
"Cracr2a",2
"Abhd8",2
"Bgn",1
"Dlx3",6
"Hist1h2bk",5
"Gm973",5
"Shcbp1",9
"Klra17",1
"Myh7",6
"Phlpp2",8
"Gm609",8
"Plvap",5
"2610524H06Rik",3
"Cd274",3
"Cidea",6
"Fam20a",4
"Cldn14",6
"March3",1
"Aspa",2
"Clspn",6
"Gstm6",8
"Hsf2bp",5
"Wdfy1",7
"Plcxd2",8
"Mblac2",5
"Pcolce2",2
"Wnk1",6
"Wdr62",1
"Gch1",1
"Mrc1",1
"Vcan",6
"Hspa1b",8
"Krt18",3
"Pla2g15",1
"Rarb",5
"Cdkl1",7
"Dnajb5",6
"Cacnb1",6
"Atf3",8
"Oma1",8
"Gad2",3
"Cd177",4
"Agr3",2
"Id1",8
"Lmo2",5
"Il1r1",5
"Naa50",8
"Cadm1",6
"Tnfsf11",5
"Kif3c",6
"Hcn2",8
"Slc9a9",5
"Kbtbd7",7
"Ppp2r2c",6
"Hist1h4a",8
"Clmp",5
"Uck2",8
"Hsd3b2",7
"Chit1",8
"Ccl21b",6
"Golph3l",8
"Ccl21c",6
"Galntl6",9
"Plcl1",6
"Plekhg1",1
"Cdh2",6
"Ncs1",6
"Cep72",6
"Cd80",1
"Tagln3",6
"Wscd1",7
"Pigr",4
"Mcm3",6
"Bicd1",6
"Scube2",6
"Fstl5",6
"Nr4a2",8
"Dleu7",6
"Olfm3",6
"Prrt4",2
"Smarcd3",6
"Ccl4",1
"Barx2",4
"Dnajc6",6
"Gm2163",4
"Kcnc2",6
"Def6",1
"Tardbp",2
"H2afx",9
"Agbl5",5
"Spata24",9
"B3galt2",8
"Xkr9",2
"Igfbp7",5
"Nrxn1",6
"Arid4b",3
"Epha5",6
"Zufsp",5
"Slc5a4b",7
"Gpr176",4
"Robo1",5
"Tmem86a",1
"Zfp426",8
"Gpr55",1
"Sobp",2
"Pla2g2e",2
"Osbpl7",4
"Rnf122",4
"Celf3",6
"Rtn4ip1",7
"Gm20878",5
"Gipc3",5
"Tshz3",6
"Lsm7",3
"Entpd3",6
"Tmtc1",6
"Nptxr",6
"Gm13889",5
"Rmnd1",8
"Cenpw",9
"Igsf10",5
"Krt5",6
"Armcx4",6
"Pcdh17",8
"Pced1b",1
"Nkx2-2",6
"Gal",5
"Igflr1",5
"Tubb4b",7
"Hsdl2",7
"Tyms",9
"Ces1f",7
"Slamf1",4
"Ivd",7
"Tsacc",6
"F2rl3",6
"Adamts12",1
"Plpp3",4
"Nt5c2",8
"Cd209b",3
"Akr1b8",6
"Lgals1",9
"Rbm12b2",7
"Aif1l",9
"Igf1",5
"Fam234b",1
"Gm7879",8
"Ckap2",9
"R3hcc1l",8
"Tnfaip8l1",6
"Ercc6",7
"Drd3",2
"Slc44a5",4
"Gnai1",7
"Adrb1",7
"Sema3e",6
"Gpr137c",2
"Kcnip3",6
"Cst7",4
"Agpat2",8
"Ppp1r3e",6
"Mzb1",3
"Gdf15",8
"Awat2",6
"Lpin1",6
"Tra2a",8
"Vegfb",7
"Zfr",8
"Rbm11",2
"Cacng7",5
"Col5a3",5
"Atoh1",2
"Ston2",8
"Mmd",7
"Pycr1",8
"Gm3468",2
"Yjefn3",6
"Pdcd1",4
"Lmo3",2
"Scube1",1
"Arl13b",7
"Spc25",9
"Ypel4",2
"Fam83f",4
"Treml4",3
"Tlr7",4
"Pagr1a",7
"Kcnh8",8
"Rab3a",6
"Mamstr",3
"Adcyap1r1",6
"Phyhip",8
"Kif11",9
"Rubcnl",3
"Drc1",3
"Spry4",6
"Slc27a6",6
"Sdc3",5
"9530053A07Rik",6
"Acsf2",7
"Zfp53",2
"Papss2",8
"Rbsn",8
"Dnah7c",8
"Bnip3",6
"Maob",2
"Manf",8
"Dync1i1",6
"Tcte3",4
"B4galt4",7
"Gm29094",3
"Rin3",1
"Stard9",5
"Acot12",6
"Cntnap5a",6
"Dlgap1",2
"Htr7",3
"Hpd",8
"Cox8b",7
"Zfp386",8
"Ier5l",5
"Gm1673",5
"Hpgds",3
"Mtnr1a",4
"Icam2",3
"Tmem40",4
"Dnah5",2
"Gjb2",8
"Insm1",6
"Gramd2",5
"B3gntl1",8
"Tldc2",8
"Cps1",8
"Tnfrsf11b",9
"Bglap3",5
"Asic4",6
"Oas1g",3
"Cck",5
"Hist1h2be",7
"Ttll7",6
"Ptprcap",1
"Nop2",8
"Limk2",1
"Cbs",8
"Gadd45a",2
"Col13a1",6
"Amotl2",4
"Dtx3",5
"Pdrg1",8
"Podnl1",5
"Dna2",6
"Adarb1",6
"Klk1b11",8
"Gstk1",9
"Nktr",8
"Scn11a",6
"Psme2b",4
"Ung",7
"Fhit",2
"BC005561",5
"Mmp24",6
"Pcolce",9
"Pon3",8
"Zfp708",3
"Acsl4",5
"Nudt10",7
"Slc47a1",2
"Atf4",8
"Phox2b",6
"Kcnq5",6
"Fam117b",4
"Pdyn",3
"Atp2b3",6
"Bcam",5
"Fibcd1",5
"Baiap2l2",8
"9130008F23Rik",3
"Gjb4",6
"Pde9a",2
"Fancb",9
"Chchd4",8
"Klhdc9",9
"Slitrk3",8
"A930004D18Rik",9
"Ccno",7
"Helq",2
"Gm996",5
"Adgrb3",6
"Apba1",6
"Zfp738",7
"Cyp2c55",7
"Fam69c",6
"Ppp2r2b",6
"Fnbp4",5
"Tmem267",6
"Ncapg2",6
"Sstr5",6
"4430402I18Rik",2
"Gm14410",2
"BC030867",9
"Kntc1",6
"Col4a2",6
"Ifit1",3
"C1qtnf5",1
"Cma1",9
"Pus7",8
"Abca4",8
"Cd300ld4",3
"Pif1",8
"P3h3",5
"Hpcal4",6
"Cyp2u1",7
"Csprs",5
"Sept3",1
"Dnah7a",6
"Dnaic1",8
"Rgs2",6
"Rgs6",2
"Hhatl",2
"Bag2",6
"Gng8",4
"Cacna1a",7
"Ldb2",5
"Lrrc27",3
"Ccdc86",8
"Irf7",7
"H2-Ob",5
"Ccl6",8
"Col4a1",6
"Fignl1",9
"5730507C01Rik",3
"Dixdc1",7
"Lrig3",6
"Bik",4
"Hccs",2
"Zfp65",8
"Cdr2l",4
"Aldh1a7",2
"Ly6g6c",8
"Usp18",3
"Tmem26",5
"H6pd",4
"Zcchc12",6
"Erh",8
"Rhoh",1
"Ptgs2",3
"Ptger4",7
"Otud7a",6
"Fzd10",7
"Clec11a",9
"Sez6",6
"AI661453",4
"Grid1",6
"Pde6a",7
"Chga",6
"Plekhf1",4
"Oprk1",6
"Rarres1",3
"Tph1",6
"Col6a4",6
"Nr1i3",8
"Taf4",2
"Cenpi",9
"Srgap1",5
"Ndrg4",6
"Casr",3
"Gm10036",8
"Rhoj",4
"Trpv4",1
"Crybb1",9
"Fstl3",5
"Kcnn1",9
"Rit2",6
"Ankle1",6
"Neto2",6
"Prkar1b",6
"Col6a5",5
"Dse",5
"Vpreb3",5
"Cd300lf",3
"Shb",8
"Apoa2",9
"Cd55",5
"Mst1r",4
"Lpl",7
"Dhodh",8
"Haus6",6
"Msx3",8
"Mtcl1",2
"Ace",1
"Dio1",8
"Prr16",1
"Mxd1",8
"Omg",8
"Dbndd2",1
"Izumo4",3
"Ifit3",3
"Rgs16",4
"Pros1",1
"Phf24",6
"Dzip1l",8
"Pmepa1",5
"Sult5a1",3
"Coro2b",6
"Zkscan4",7
"Smad7",8
"Cks2",6
"Adamts18",5
"Zfp869",8
"Ano5",3
"Mafg",6
"I830077J02Rik",1
"Gorasp1",8
"N4bp2l1",4
"Hist1h2ao",3
"Ano3",7
"Syde1",6
"Igfbp2",6
"Gm5148",4
"Hist1h2bj",3
"Ccdc59",8
"Lhx6",8
"Zfp804a",6
"Fam83c",8
"Hist1h1e",5
"Lor",6
"Ankrd22",5
"Zswim1",4
"Inpp5j",8
"Adarb2",4
"Erlin1",8
"Acyp2",6
"Armcx6",8
"AI467606",1
"Cnga3",4
"Smad9",2
"Synpr",6
"Zfp781",7
"Plxna4",6
"Srm",8
"Bco2",1
"Cd2",4
"Tmem254c",8
"Alpi",4
"Arhgap8",8
"Gfra3",1
"Dlgap5",9
"Jph4",6
"Tal2",7
"Ttc30a1",8
"Tspan12",8
"Ccdc65",5
"Gm4841",8
"Rnf25",8
"Upk3b",6
"Adamts6",3
"Nat8l",2
"Zscan22",7
"Gm28285",9
"Agpat4",8
"Zfp966",7
"Espl1",6
"Zbed6",6
"Ccdc7b",2
"Lmbr1",8
"Park2",8
"Grp",5
"9330159F19Rik",2
"A930033H14Rik",6
"Mfap5",5
"Kctd14",7
"Aamdc",8
"Srpx2",1
"BC028528",3
"Snca",6
"Dedd2",4
"Gpr162",5
"C1qtnf2",9
"Prrt2",7
"Wdr12",8
"Apol9b",9
"Hrc",7
"Cpb2",6
"Tnrc6b",6
"Tle6",9
"Zfp322a",8
"Cdk5rap2",6
"Cntnap4",7
"Rgs9",5
"A730017C20Rik",6
"Hdx",6
"Vegfd",3
"Uhrf1",9
"Pola1",6
"Mme",7
"Tpbg",6
"Lum",3
"Fbxw9",1
"Fasl",8
"Cyb5r2",8
"Sln",6
"Pram1",1
"Tarbp1",6
"Uox",2
"Kti12",8
"Pcdh20",2
"Ska3",5
"Tubgcp2",6
"Slc16a10",7
"Nuf2",9
"Oas2",5
"Kctd15",7
"Slfn8",3
"Slitrk2",8
"Gfra4",5
"Khk",7
"Ccdc137",8
"Entpd7",7
"Tsku",6
"Smtnl2",6
"Zfp524",1
"Tmem229a",6
"Tlr6",8
"Fan1",5
"Ackr2",5
"C1qtnf4",7
"Wdr86",3
"Mnt",4
"Nusap1",9
"Adgrg3",1
"BC106179",6
"Acot4",6
"Nicn1",8
"Fbxl2",6
"Banp",8
"Casz1",6
"BC035044",3
"Kbtbd8",8
"Trim43b",4
"Cbx4",4
"Slfn4",5
"Rgs17",7
"Tnfrsf18",1
"Prr5l",8
"Prr11",9
"Dcp2",4
"Fosl1",8
"Usp49",7
"Trib3",8
"St6gal1",9
"Zfpm1",7
"Acsl6",6
"Trpv2",5
"Depdc1b",9
"Ipcef1",3
"Cald1",6
"Hoxc11",8
"Mpp6",8
"Coro6",5
"Unc79",5
"Pcdhb12",5
"Gng3",6
"Pcdhgc4",3
"Mdn1",6
"Efhd1",8
"Itln1",2
"Cad",6
"Rtn1",6
"Cdkn1c",4
"Paqr6",8
"Adh6a",4
"Ndc80",9
"4933427D14Rik",8
"Cdc25b",9
"Rcn3",3
"Pole2",6
"Cybrd1",8
"Dkkl1",3
"Rnf165",8
"Crtac1",6
"Ankrd39",6
"Hmx3",6
"Camk2n2",7
"Zfp185",8
"Mpped2",8
"Cpvl",8
"Tuba1a",5
"Ifit1bl2",5
"Frzb",5
"Gpr20",6
"Tmed5",8
"Trim72",3
"Rad9b",5
"Cd93",4
"Slc35d3",6
"Milr1",4
"Map3k19",2
"4932438H23Rik",6
"Epc1",8
"Fat3",9
"Mmp2",1
"Slc13a2",4
"Hist1h4j",7
"Elavl3",6
"Dhrs11",8
"Syt10",2
"Pcdhgc5",4
"Sncb",6
"Fut8",1
"Iqsec3",6
"Zfp994",8
"Gas1",2
"Igfals",7
"Trim14",4
"Ing3",8
"Mogat2",9
"Zp1",8
"Meox2",3
"Dyrk1b",6
"Pcx",7
"Eif4ebp3",4
"Rhbdl3",7
"Fev",6
"Plekhs1",1
"Srcin1",5
"Enah",5
"Shisa3",9
"Gprc5b",6
"Art2b",8
"Nlrp9b",6
"Adhfe1",7
"Tro",5
"Dnttip2",8
"Esrrb",7
"Heyl",5
"Tff2",7
"Cd101",3
"Rbm24",8
"Spock3",6
"Rasal1",6
"AI987944",8
"Adcy1",6
"Tm6sf1",4
"Stxbp4",7
"Gm933",7
"Foxf1",6
"Tceal6",8
"Ffar1",6
"Myo3a",3
"Klf13",4
"Agmat",9
"Cth",8
"Acer1",7
"Hoxb9",8
"Slc29a2",8
"Snapc4",8
"Micall1",6
"Pcdhga7",6
"St3gal5",8
"Lpin2",8
"Foxs1",5
"9130213A22Rik",8
"Il27ra",3
"Tctex1d2",8
"Mospd2",6
"Elac1",4
"Stac2",6
"Gm14399",3
"Uty",7
"Cd59a",5
"C1ql3",8
"Fstl4",6
"Cmpk2",5
"Cyp2d10",4
"Kcna7",8
"Edn1",3
"Gm9913",5
"Foxa1",7
"3300002I08Rik",6
"Hnrnph3",8
"Bcat1",6
"Galm",8
"Srek1ip1",8
"Lmtk3",6
"Guca2b",6
"Zcchc18",6
"Efnb3",6
"Tslp",5
"Rad54b",6
"Ticrr",6
"C1qtnf7",4
"Lrrn2",5
"Qsox2",6
"Nemp1",6
"Ccser2",8
"Dtx4",4
"Zfp35",8
"Il6st",5
"Cdc42ep1",4
"Cdkl5",3
"Smco1",4
"Timeless",6
"Mllt6",2
"Gja4",5
"Sacs",6
"Peli3",8
"Prodh",6
"Ccdc130",8
"Zfp605",7
"Acot7",7
"St8sia4",4
"Mcpt4",8
"Ihh",7
"Acot13",7
"Dck",6
"Gm14444",8
"Ntf3",3
"Ispd",5
"Col16a1",5
"Zfp248",8
"Trim7",5
"Enkur",6
"Ppm1j",5
"Sult2b1",8
"Nup210l",6
"2410004P03Rik",7
"Mad2l2",4
"Herc6",1
"Mis12",8
"Fkbp10",5
"Ttc9b",6
"Ms4a1",9
"Itga5",6
"Smim1",8
"Mdga2",6
"Pcdhb17",6
"Zfp866",8
"Mid1",1
"Tmem71",1
"Id4",7
"Gm20388",8
"Kcnk13",4
"Cryba4",1
"Ccdc74a",5
"Gabrp",5
"Sertad4",5
"Rilpl2",4
"Galnt16",6
"D6Ertd527e",6
"Gm5819",6
"Zic1",8
"Pcdha12",8
"Naa16",5
"Hist1h3f",6
"Treml2",3
"Serpinb6b",3
"Ppp1r15a",6
"Bicc1",5
"Mapk12",7
"Frrs1l",6
"Rcan2",2
"Dbh",6
"Pla2g4b",8
"Atp1a3",9
"Siah2",8
"Armcx1",5
"Id3",8
"Nfkbia",4
"Izumo1r",1
"Mttp",1
"Arv1",6
"Fam189a2",2
"Spink4",8
"Fam109a",6
"Zcchc3",6
"Iapp",6
"Zfp202",5
"Fbxo41",6
"Slc2a10",7
"Apoa4",7
"Cpeb3",7
"Pcdhb13",7
"Pecam1",1
"Twist1",6
"Retn",7
"Cdh19",6
"Zmat1",5
"Amer3",9
"Ero1lb",8
"Fcrls",5
"Nat8f2",2
"Zfp260",8
"Exo1",9
"Spag1",8
"Kcnmb1",5
"Parp6",8
"Osbpl1a",4
"Ubald2",4
"Dusp14",7
"Slc25a35",8
"Notch4",6
"Efna1",5
"Ushbp1",7
"Kat8",8
"Cd247",3
"Plekha4",5
"Hist1h2ak",8
"Tox2",4
"Azgp1",8
"Angptl1",8
"Klra1",9
"Crlf2",4
"Naf1",2
"Pcdha2",6
"Slc19a2",4
"Gm38392",8
"Gstm2",8
"P3h1",5
"Fmo1",2
"Arsg",1
"Pcdhga11",6
"Xlr4a",6
"Zfp612",8
"Adamts5",5
"Nlgn1",9
"Trp53inp1",6
"Chst14",6
"Rsad2",3
"Slc2a6",8
"Zkscan16",6
"Ccl11",8
"Nop56",7
"Iqcg",6
"Ifnz",3
"Frs3",2
"Hnf4g",8
"Eme2",8
"Plcd4",2
"Nus1",8
"Aox1",7
"Chst8",3
"Rftn2",5
"Aspm",9
"Zfp972",3
"Fanca",9
"Dnhd1",7
"Slc38a5",9
"Duxbl1",6
"Dmp1",8
"Rnft2",6
"Prdx6",3
"Pcdh9",6
"Gabarapl1",6
"Riiad1",7
"Hyou1",8
"Cdca2",9
"Samd4",6
"Pcdhga9",4
"Il1rl2",5
"Fam50a",8
"Ppid",8
"Brca1",6
"Cntln",9
"Ccnj",8
"Kif5c",6
"Gm11273",2
"Epgn",3
"Epha1",8
"Arhgap22",6
"Mtbp",6
"Armcx2",5
"Atrip",8
"D630036H23Rik",5
"Defb37",8
"Hspg2",6
"Fam212a",3
"Cep78",6
"Abcb4",8
"Bend6",7
"Rrp12",2
"Olfm2",5
"Paqr9",7
"Hist1h2ai",8
"Socs1",3
"Nags",4
"Pcdha9",6
"Dnm3",9
"Tnxb",6
"Lrrc10b",8
"Spdl1",9
"Dguok",3
"Pde8a",7
"Otud1",6
"Cnrip1",6
"Pcdhb9",6
"Slc6a2",4
"Cbx8",8
"Il7r",2
"Fam114a1",8
"Tnfrsf23",5
"Pon1",8
"Kcnn3",6
"Ptp4a1",8
"Map7d2",6
"Zfp729b",7
"P4htm",6
"Gm10642",6
"Rab11fip5",4
"Kif19a",5
"S100a3",5
"Podxl2",6
"Dennd4b",4
"Bbs1",6
"Smim5",6
"Mtfp1",8
"Ret",6
"Tnfrsf17",3
"Treh",8
"Sfrp4",3
"2810403A07Rik",3
"Hoxa9",6
"Itpa",8
"Plk3",2
"Clip2",8
"Tsen54",2
"Mrc2",1
"Pcdhgb7",6
"Rgn",3
"Rasip1",6
"Zfp651",7
"Stx11",5
"Tmem132b",5
"Ooep",9
"Cep126",6
"R3hdml",4
"Smarca1",5
"Gm3839",8
"Mastl",9
"Pou2f3",8
"Nexn",5
"Col6a3",6
"Rgs11",6
"Sfn",8
"Adk",7
"2010005H15Rik",5
"Krt4",5
"Usp11",1
"Neu2",7
"Fads6",7
"Cmtm5",5
"Cdc6",7
"Mrap",7
"Bex4",8
"Lrrn4cl",8
"Arhgdig",6
"Chst5",6
"Cacnb4",8
"Kcnn4",8
"Hells",6
"Rnf212",6
"Asf1b",9
"Dut",6
"Shc3",2
"Brip1",5
"Hspb11",8
"Ssb",8
"Chad",2
"Dchs2",8
"Rnf207",7
"Palm3",6
"Peg3",6
"Gm5113",7
"Tbx21",4
"Tuba4a",8
"Ccdc18",5
"Tmcc1",8
"Gas2l3",8
"Map3k8",6
"Bmp1",1
"Zfp454",7
"Tsc22d1",8
"Lrrc26",2
"Cd200r4",4
"Rbpjl",6
"Brinp3",5
"Snx22",8
"Pcdha7",2
"Ccp110",7
"Gnat3",7
"Zfp462",8
"Folr2",3
"L3mbtl3",3
"Ptchd1",6
"Enkd1",6
"Fam217b",8
"Cspg5",8
"Vwf",3
"Hist1h4n",6
"Paqr5",8
"Tekt1",7
"Galr1",6
"Sorbs3",3
"Gprin3",6
"Phyhd1",1
"Unc93a",5
"Chst3",5
"Syt3",8
"Plac9b",8
"Zfp157",8
"Lef1",2
"Lig4",8
"Gm10277",8
"Sec1",8
"Emp3",3
"Trpm2",4
"P2rx2",6
"Nacad",8
"Tacc1",6
"Sucnr1",7
"Zfp449",1
"Rrad",5
"Actc1",8
"Rpl12",6
"Gm15013",1
"Gjb5",6
"Slc1a2",7
"Kcnb2",6
"Ccdc166",8
"Itgb6",8
"Fcrla",3
"Zfp575",7
"Nudt15",3
"Sntb1",7
"Bhmt",5
"Egr2",8
"Gabrb3",6
"Nfasc",6
"Acrbp",5
"Zfp286",8
"Gimap3",6
"Tmem171",6
"Adamts3",8
"Sptssb",4
"4930539E08Rik",1
"Hs3st5",6
"Zfr2",8
"Msrb2",6
"Trabd2b",5
"Xlr4b",1
"Cdkal1",3
"Hist1h2bq",6
"3110021N24Rik",6
"Pla2g4d",6
"Zfhx4",8
"Kcnj13",8
"Dcaf15",4
"Chst10",5
"Cldn22",7
"Mcoln3",3
"Glyctk",7
"Adat1",8
"Pidd1",6
"Abcd3",7
"Zfp879",6
"Zfp39",8
"Cdc14a",8
"Pak7",6
"Ucp3",8
"Oprl1",6
"Rpl10",1
"Clca3a1",4
"Wtip",6
"Dusp26",6
"F930015N05Rik",6
"E130311K13Rik",8
"Gdf7",6
"Otub2",7
"Myo18b",6
"Cd37",5
"Apobec2",9
"Srsf5",6
"Calcb",7
"Btg1",4
"Galnt2",6
"Gm14419",8
"Lilra5",1
"Zfp217",4
"Gse1",4
"Tmem52",6
"Zfp266",8
"Mustn1",5
"Strip2",6
"Acp6",8
"Lepr",6
"Nalcn",9
"S100g",8
"Gli3",5
"Ftl1-ps1",6
"Cmc4",4
"Gna15",1
"Klf11",6
"Npy1r",6
"Cfap57",7
"Olfr78",6
"Chrna10",6
"Efcab1",9
"Zfp518a",7
"Catsper2",6
"Sgcd",7
"Gm28051",6
"Duxbl2",8
"Htr2b",9
"Fut1",8
"Zmym6",2
"Arhgap44",6
"Aen",8
"Trim30c",4
"Neurod1",6
"Stc1",8
"Cpt1c",5
"Zfp26",8
"Nell1",6
"Cdk15",9
"Rgsl1",2
"Scn2a",6
"Zfp385b",4
"4930562C15Rik",2
"Gm6525",8
"Prss41",6
"Creg2",5
"Plekho1",6
"Cmss1",4
"Shd",6
"Fam161b",5
"Tmigd3",6
"Pim2",6
"Ces1e",8
"Mro",8
"Sgip1",1
"BC034090",6
"Swap70",8
"Cldn15",8
"Zbtb48",8
"Il13ra2",4
"Hoxa4",9
"Rims4",2
"1700016K19Rik",9
"Adgrd1",6
"Spata9",5
"Cgrrf1",8
"Traf3ip1",7
"Pde5a",7
"Cd27",2
"Msh5",9
"Aqp8",8
"Rpusd3",8
"Mum1l1",6
"Rab44",1
"Kcnj10",1
"Mageh1",8
"Gm15737",2
"Armt1",8
"Wdr17",7
"Gm10031",8
"Ppp2r3d",6
"Ccdc15",2
"Mast1",6
"Lrrc46",8
"Fos",8
"Gm26992",2
"Adamts19",6
"Pole",6
"Ppan",8
"Pspn",6
"Igf2",7
"Gpm6b",4
"Bcl9l",4
"Nr4a3",5
"Ctnnd2",6
"Ryr3",6
"Cd79a",5
"Blk",4
"Stk36",6
"Phf23",4
"Xkr5",5
"Slx4",8
"Kcnq3",6
"Lipk",4
"Rad51",6
"Ahrr",8
"Ttll3",2
"Gorab",8
"Mgl2",3
"Zbtb46",6
"Fam167b",1
"Srrm2",2
"Spock1",4
"Tmem28",2
"Slc34a1",3
"Mcm6",6
"Hist2h3c1",9
"Sfpq",8
"Gm6377",1
"Frem1",5
"4930486L24Rik",6
"Eme1",9
"Bmpr1b",5
"Mpdz",6
"Nhsl2",6
"Rab37",7
"Bmx",6
"Pnpla1",8
"Lrrc3b",8
"Mmp23",1
"Ckmt2",6
"Nr2c2ap",8
"Adam15",5
"Jmjd6",3
"B430218F22Rik",7
"Ube2ql1",6
"Gfi1b",9
"Adig",7
"Pi4kb",8
"Xpnpep2",4
"Lta",9
"Gpatch4",8
"Slc6a11",5
"Gm16432",9
"Anapc15",6
"Sdad1",8
"Recql4",6
"Irgq",4
"Kcnh6",8
"Nxnl2",1
"Adamts7",4
"Tmem151b",8
"Themis",3
"Pacsin1",6
"Pianp",5
"Tekt5",8
"Cacna2d3",6
"Lrr1",6
"N6amt1",5
"Tmc7",2
"Neil2",4
"Zfp608",4
"Preb",7
"H2-Eb2",7
"Gm8909",8
"Slpi",6
"Gm20521",7
"Gm20503",2
"Abcc9",5
"Tmem203",6
"Mn1",6
"Zfp324",8
"Klrd1",3
"Rpl3l",8
"Hmbox1",6
"Rab36",8
"Lrrn1",6
"Aox2",7
"Col12a1",6
"Ms4a5",8
"Coa4",8
"Dnmt3b",8
"Camk4",8
"Fry",6
"Kif20b",9
"Ch25h",5
"Slc26a8",8
"Slc39a14",8
"Gm3336",6
"Ap3s1",8
"Slc2a13",4
"Ccm2l",6
"Lep",8
"Plxnd1",5
"Ndp",8
"Pcsk6",7
"Oaz2",8
"Tbx15",3
"Polr3d",8
"Tm4sf4",6
"Ttf2",5
"Acer2",4
"Rln3",6
"Hoxb8",7
"Hs3st4",6
"BC025920",6
"Gm26602",9
"Caly",6
"Cox6c",8
"St6gal2",6
"C9",8
"Nol3",5
"Kcnj5",6
"Adm",3
"H1fx",5
"Alppl2",8
"Stap1",3
"Pdgfra",6
"Zfp750",4
"Arhgef10",8
"Etl4",1
"Larp6",4
"Pcdhb10",6
"Ltb",5
"Prkcb",5
"Lhfp",5
"Gm15821",5
"Prkrip1",7
"Zfp965",8
"Atcay",6
"Adprhl1",6
"Sesn1",6
"Zscan12",5
"Jrk",2
"Ace3",3
"Gm4767",2
"Uros",7
"Tgfbr3",4
"Ndufaf4",2
"Saa2",6
"Edn2",7
"Il2ra",3
"Prrt1",4
"Cercam",5
"Gatsl3",7
"Zbtb49",7
"Hoxc10",8
"4930579G24Rik",5
"Syngr3",6
"Kcng3",6
"Sorcs1",6
"Pdzk1ip1",6
"Dpp10",6
"Btbd16",3
"Cd209g",4
"Nr6a1",7
"Rpl27",6
"Gm10775",7
"Efr3b",5
"Ropn1l",9
"Palmd",8
"Dcbld1",8
"Mapk1ip1l",8
"Zfp780b",2
"Prdm10",6
"C5ar2",5
"Golga7b",6
"Mettl21b",8
"Clgn",4
"Mns1",8
"Utp23",8
"Polr2k",7
"Prf1",1
"Sorcs3",6
"Gm21897",2
